"","brand","cost","model","delivery"
"1","Fastrack","₹1,995","68031AP05 TOPICALS 1.0 Analog Watch  - For Men & Women","Free delivery"
"2","Fastrack","₹995","9915PP86 Fastrack Avengers Analog Watch  - For Men & Wo...","Free delivery"
"3","Fastrack","₹995","9915PP83 Deadpool Analog Watch  - For Men & Women","Free delivery"
"4","Fastrack","₹995","9915PP94 Fastrack Avengers Analog Watch  - For Men & Wo...","Free delivery"
"5","Fastrack","₹995","9915PP90 Fastrack Avengers Analog Watch  - For Men & Wo...","Free delivery"
"6","Fastrack","₹995","68013PP12 Analog Watch  - For Men & Women","Free delivery"
"7","Fastrack","₹995","9915PP81 Deadpool Analog Watch  - For Men & Women","Free delivery"
"8","Fastrack","₹995","9915PP80 Deadpool Analog Watch  - For Men & Women","Free delivery"
"9","Fastrack","₹995","9915PP78 Deadpool Analog Watch  - For Men & Women","Free delivery"
"10","Fastrack","₹995","9915PP88 Fastrack Avengers Analog Watch  - For Men & Wo...","Free delivery"
"11","Fastrack","₹995","9915PP76 Deadpool Analog Watch  - For Men & Women","Free delivery"
"12","Fastrack","₹995","9915PP87 Fastrack Avengers Analog Watch  - For Men & Wo...","Free delivery"
"13","Fastrack","₹995","9915PP96 Fastrack Avengers Analog Watch  - For Men & Wo...","Free delivery"
"14","Fastrack","₹995","9915PP98 Fastrack Avengers Analog Watch  - For Men & Wo...","Free delivery"
"15","Fastrack","₹995","9915PP84 Deadpool Analog Watch  - For Men & Women","Free delivery"
"16","Fastrack","₹995","9915PP82 Deadpool Analog Watch  - For Men & Women","Free delivery"
"17","Fastrack","₹995","9915PP91 Fastrack Avengers Analog Watch  - For Men & Wo...","Free delivery"
"18","Fastrack","₹995","9915PP89 Fastrack Avengers Analog Watch  - For Men & Wo...","Free delivery"
"19","Fastrack","₹950","68011PP04 Tees Analog Watch  - For Men & Women","Free delivery"
"20","Fastrack","₹950","68013PP01 Tees Analog Watch  - For Men & Women","Free delivery"
"21","Fastrack","₹950","9915PP102 Analog Watch  - For Men & Women","Free delivery"
"22","Fastrack","₹950","68012PP06W Analog Watch  - For Men & Women","Free delivery"
"23","Fastrack","₹950","38003PP19 Tees Wicked Lines Analog Watch  - For Men & W...","Free delivery"
"24","Fastrack","₹950","38024PP39 Tees Wicked Lines Analog Watch  - For Men & W...","Free delivery"
"25","Fastrack","₹713","68012PP05 Tees Analog Watch  - For Men & Women","Free delivery"
"26","Fastrack","₹950","68012PP01 Tees Analog Watch  - For Men & Women","Free delivery"
"27","Fastrack","₹950","38038PP01 Elementary Tees Analog Watch  - For Men & Wom...","Free delivery"
"28","Fastrack","₹950","68013PP02 Tees Analog Watch  - For Men & Women","Free delivery"
"29","Fastrack","₹950","68011PP06 Tees Analog Watch  - For Men & Women","Free delivery"
"30","Fastrack","₹950","68013PP04 Tees Analog Watch  - For Men & Women","Free delivery"
"31","Fastrack","₹950","9915PP62 Minimalists Analog Watch  - For Men & Women","Free delivery"
"32","Fastrack","₹950","9915PP53 Minimalists Analog Watch  - For Men & Women","Free delivery"
"33","Fastrack","₹950","9915PP101 Analog Watch  - For Men & Women","Free delivery"
"34","Fastrack","₹950","38038PP02 Elementary Tees Analog Watch  - For Men & Wom...","Free delivery"
"35","Fastrack","₹950","9915PP61 Minimalists Analog Watch  - For Men & Women","Free delivery"
"36","Fastrack","₹950","68012PP12 Fast Fit Analog Watch  - For Men & Women","Free delivery"
"37","Fastrack","₹950","68012PP04 Tees Analog Watch  - For Men & Women","Free delivery"
"38","Fastrack","₹950","68011PP05W Analog Watch  - For Men & Women","Free delivery"
"39","Fastrack","₹950","9915PP56 Minimalists Analog Watch  - For Men & Women","Free delivery"
"40","Fastrack","₹950","9915PP68 Analog Watch  - For Men & Women","Free delivery"
